John,Mathews,02/24/1991,***-**-9165,ND
Nathan,Moore,11/19/1978,***-**-7469,ME
Amanda,Douglas,01/08/1990,***-**-6961,ID
Heather,Andrews,08/11/1976,***-**-1797,VT
Daniel,Hernandez,07/22/1976,***-**-7473,CO
Danny,Pena,01/31/1978,***-**-9878,MN
Gary,Knight,03/08/1994,***-**-1242,AR
Robin,Carroll,10/14/1972,***-**-7194,CA
Michelle,Dickerson,02/08/1984,***-**-2817,TN
Kimberly,Gallegos,08/05/1972,***-**-7563,OR
Morgan,Parker,01/30/1986,***-**-4320,TN
Mason,Rhodes,01/28/1977,***-**-4767,MD
Amy,Griffin,02/18/1973,***-**-1946,MA
Danielle,House,04/16/1975,***-**-9308,ME
Charles,Greene,11/28/1992,***-**-2935,KY
Nicholas,Martinez,04/05/1979,***-**-1689,LA
Tracey,Meadows,01/12/1988,***-**-6175,RI
Renee,Evans,03/14/1991,***-**-2708,MT
Joseph,Estrada,03/29/1984,***-**-2571,PA
Jeremy,Warner,10/20/1987,***-**-1184,AL
Anthony,Rodriguez,02/09/1983,***-**-3865,ID
Kristen,Lopez,01/02/1978,***-**-8194,VA
Mark,Mcdonald,06/27/1984,***-**-0101,MT
Robert,Freeman,01/01/1984,***-**-5211,AR
Michael,Reynolds,10/30/1994,***-**-8507,CA
Kristine,Little,07/10/1974,***-**-1771,SD
April,Barnes,02/15/1983,***-**-3288,RI
Pamela,Hodges,02/19/1989,***-**-1423,UT
Ronald,Gilbert,05/26/1974,***-**-4448,WY
Thomas,Cooper,08/17/1972,***-**-9890,CO
Dakota,Harrington,08/24/1972,***-**-7188,VA
Jennifer,Porter,01/20/1991,***-**-5572,WI
Beverly,Jordan,08/15/1986,***-**-3762,NM
Mark,Brown,04/02/1975,***-**-8531,CA
Amy,Ford,06/05/1974,***-**-6461,NC
Benjamin,King,05/07/1973,***-**-8165,RI
Stephen,Bryant,05/15/1991,***-**-6488,SD
Brandi,Williams,10/15/1989,***-**-8500,MD
Ashley,Hutchinson,04/26/1994,***-**-1510,SC
Alisha,Pacheco,01/13/1982,***-**-2496,MI
Robert,Campbell,02/27/1973,***-**-9581,SD
Sandra,Sanders,10/06/1980,***-**-1673,RI
Katherine,Hensley,05/29/1991,***-**-7226,CT
Stacy,Cox,11/08/1976,***-**-0990,AL
Frank,Barton,06/10/1993,***-**-5568,MA
Shannon,Kramer,05/04/1980,***-**-7615,SC
Brenda,James,12/31/1977,***-**-3251,HI
Paula,Edwards,08/10/1988,***-**-0638,KS
Jennifer,Rowe,09/16/1980,***-**-9014,NY
David,Foster,01/09/1990,***-**-6956,MO
William,Boyle,01/30/1988,***-**-0490,AR
Christopher,Greene,05/29/1972,***-**-8446,ID
Matthew,Fuller,04/27/1980,***-**-2989,MS
Gabriela,Nguyen,12/17/1981,***-**-3729,WA
Allison,Diaz,03/25/1994,***-**-8927,AR
Isaac,Jordan,05/06/1986,***-**-0520,TX
Cheryl,Bailey,10/31/1991,***-**-1224,NC
Julie,Castillo,02/16/1988,***-**-4523,AK
Michael,Adams,12/10/1986,***-**-3927,FL
Melinda,Parsons,02/07/1986,***-**-8751,NE
Robert,Campbell,01/17/1987,***-**-3694,DE
Julie,Nelson,08/08/1994,***-**-1332,SD
Steven,Nelson,04/14/1989,***-**-2085,VT
Hailey,Lynn,03/25/1973,***-**-9488,CA
Dillon,Nguyen,05/26/1978,***-**-4552,IL
Hannah,Miller,10/18/1973,***-**-4657,NY
Jeffrey,Harris,05/25/1994,***-**-4763,KY
Daniel,Welch,08/08/1982,***-**-6950,IL
Bryan,Jackson,09/08/1982,***-**-8117,MD
Denise,George,09/07/1990,***-**-4879,WI
Alicia,Carney,09/10/1989,***-**-9437,OH
William,Peters,03/20/1986,***-**-7516,KY
Dustin,Drake,09/17/1993,***-**-5454,WV
Jessica,Thornton,01/03/1983,***-**-2381,KS
Rebecca,Wilson,06/08/1980,***-**-6629,MI
Katherine,Lane,11/01/1986,***-**-6820,NH
Sarah,Harper,07/27/1993,***-**-5891,AK
Jermaine,Hill,09/11/1988,***-**-5479,NJ
Michael,Marshall,04/05/1990,***-**-5125,MI
Kirsten,Mcbride,09/10/1973,***-**-2372,IA
Rachael,Holmes,07/30/1973,***-**-2067,GA
Leon,Foster,09/19/1975,***-**-3153,SC
David,Mcclain,08/02/1976,***-**-5430,OH
Emily,Lawrence,11/24/1991,***-**-1991,TN
Troy,Booth,12/27/1990,***-**-5141,TN
Stephanie,Ho,04/25/1983,***-**-3656,KS
Michele,Hendricks,03/10/1990,***-**-7341,MS
Eric,Harper,11/12/1986,***-**-2860,NV
Jonathan,Gomez,06/05/1993,***-**-4727,SD
Kevin,Garcia,11/25/1977,***-**-4722,NV
Howard,Lawson,04/13/1984,***-**-7664,MI
Stacy,Robertson,09/24/1974,***-**-0248,WY
John,Beck,07/27/1985,***-**-3635,AR
Julia,Morgan,03/18/1976,***-**-1731,WI
Allen,Leon,04/06/1975,***-**-9089,MI
James,Rios,03/04/1978,***-**-3987,ID
Ralph,Wells,10/19/1988,***-**-4237,KS
Megan,Chavez,10/08/1991,***-**-7659,CT
Ashley,Patrick,06/07/1974,***-**-0763,WY
Bonnie,Bowen,11/07/1993,***-**-5889,ID
Andrew,Lawson,04/05/1982,***-**-7313,MT
Tonya,Chavez,04/17/1984,***-**-5703,MT
Michelle,Larson,03/20/1980,***-**-3866,FL
Mark,Garrett,09/18/1985,***-**-4408,WY
Chelsea,Rivera,06/21/1987,***-**-0140,NH
Amanda,Krause,11/06/1977,***-**-4744,IL
Paige,Spencer,09/02/1991,***-**-8621,NY
Rhonda,Gonzales,06/07/1976,***-**-4110,ID
Jasmine,Kelly,06/30/1979,***-**-3251,MN
Amy,Sherman,08/04/1973,***-**-6029,NJ
David,Arroyo,04/16/1975,***-**-9403,FL
Robert,Lin,11/12/1975,***-**-0121,AZ
Paul,Wilson,06/19/1993,***-**-9871,IA
Paul,Meyers,03/13/1989,***-**-1680,HI
Jessica,Elliott,06/04/1978,***-**-1632,OH
Anthony,Richmond,10/05/1989,***-**-8935,AR
William,Rivera,03/08/1975,***-**-7032,SD
Sheri,Villegas,02/13/1985,***-**-8629,OR
Kelly,Hopkins,10/08/1984,***-**-6875,HI
Darren,Farrell,05/24/1991,***-**-5885,CA
Darlene,Harmon,05/05/1980,***-**-3052,WV
Rachel,Lyons,08/29/1972,***-**-0900,ME
David,Jacobs,02/28/1982,***-**-3682,FL
Christina,Weeks,10/15/1972,***-**-2028,PA
Andrea,Anderson,11/12/1984,***-**-5650,CT
Jennifer,Smith,01/31/1989,***-**-1748,GA
Shirley,Andrews,12/07/1981,***-**-5306,OH
Adrian,Rivera,02/13/1973,***-**-5638,MA
George,Mckinney,02/04/1984,***-**-7748,UT
Hailey,Boyd,11/17/1980,***-**-0270,NY
Tiffany,Harris,01/12/1983,***-**-9733,WV
Mary,Hunter,11/01/1977,***-**-6623,TX
Robert,Edwards,04/07/1980,***-**-5215,GA
Barbara,Lambert,09/07/1979,***-**-5353,ID
Angela,Armstrong,03/22/1990,***-**-2446,NY
Brett,Ward,09/27/1979,***-**-0204,MN
Troy,Sanchez,11/15/1990,***-**-2052,OK
Garrett,Carter,09/26/1988,***-**-7246,CA
James,Reeves,01/31/1988,***-**-1620,IN
Mary,Baker,07/08/1979,***-**-0954,MI
Alexandra,Bradley,06/13/1980,***-**-9390,AL
Aaron,James,03/25/1974,***-**-4596,OR
Thomas,Wood,08/21/1979,***-**-8269,TN
Charlene,Jackson,10/28/1989,***-**-8809,WY
Mary,Robbins,12/01/1975,***-**-9514,FL
Kayla,Washington,10/08/1985,***-**-6218,CT
Kimberly,Knapp,11/23/1992,***-**-1122,CO
Nicholas,Brown,09/18/1988,***-**-2869,SC
Rebecca,Marshall,05/06/1974,***-**-1020,PA
Mark,Smith,07/07/1979,***-**-5381,ND
Adam,Harrell,10/18/1981,***-**-0742,WV
Steve,Daniels,09/14/1980,***-**-3537,CO
Victoria,Potter,03/25/1988,***-**-4290,UT
Kathy,Preston,03/06/1990,***-**-9960,LA
Michael,Donaldson,01/01/1995,***-**-7624,CA
Brian,Bridges,02/22/1976,***-**-4546,MN
Martha,Gonzalez,01/17/1981,***-**-8342,KS
Paul,Rogers,01/10/1992,***-**-6284,MT
Dawn,Galvan,09/03/1989,***-**-8058,TN
Amber,West,01/19/1978,***-**-7363,ND
Christopher,Guerrero,01/29/1983,***-**-4036,WY
Stacy,Brooks,06/17/1991,***-**-4661,SC
Danielle,Kaiser,08/21/1975,***-**-9764,AL
Taylor,Boyle,09/26/1979,***-**-9756,MD
Donna,Howard,12/16/1978,***-**-3416,CA
Anne,Rios,11/26/1974,***-**-6513,HI
Theresa,Barnes,09/28/1976,***-**-2054,CT
Lori,Tate,03/08/1977,***-**-9123,NM
Alexandria,Baker,11/02/1974,***-**-3200,NV
Stephen,Hensley,09/30/1978,***-**-5372,GA
Jennifer,Fischer,11/19/1983,***-**-5609,UT
Pamela,Robinson,02/21/1981,***-**-4275,NM
Brendan,Gonzalez,08/02/1991,***-**-9993,SC
Richard,Turner,12/24/1982,***-**-9924,TN
Michael,Robinson,10/22/1973,***-**-2355,IL
Patricia,Sharp,07/13/1987,***-**-0306,MD
Elizabeth,Avila,03/15/1977,***-**-8453,NH
Christopher,Martinez,12/28/1978,***-**-8774,CT
Isaac,Woods,03/20/1984,***-**-6227,AK
Adriana,Wolf,10/17/1994,***-**-1702,OR
David,Pearson,06/14/1982,***-**-1781,AL
Matthew,Kramer,05/14/1988,***-**-4860,RI
Pamela,Archer,10/25/1987,***-**-2625,WV
Charles,Stout,12/05/1976,***-**-1997,KS
Daniel,Boyd,07/18/1978,***-**-1220,NY
Jimmy,Jones,02/19/1973,***-**-2030,MA
Rebecca,Hammond,02/21/1972,***-**-2706,LA
Emily,Diaz,12/04/1986,***-**-9174,AK
Chad,Wise,11/10/1988,***-**-1355,CO
Todd,Duran,01/14/1976,***-**-1832,KY
Brian,Mclaughlin,09/21/1987,***-**-2876,PA
Katherine,Rogers,05/13/1988,***-**-9500,ME
Joseph,Adams,01/18/1979,***-**-7778,WI
David,Lowery,10/21/1987,***-**-7963,UT
Janice,Young,07/07/1988,***-**-4863,WA
Anna,Matthews,02/09/1991,***-**-4474,TN
Katie,Garcia,03/22/1983,***-**-8462,AK
Maria,Estrada,04/30/1990,***-**-8108,LA
Ashley,Smith,07/16/1983,***-**-8720,TX
Amy,Wright,10/15/1991,***-**-8641,CA
Heather,Scott,08/20/1982,***-**-0361,NH
John,Anderson,05/30/1973,***-**-6681,NY
John,Anderson,01/07/1983,***-**-7935,UT
Kimberly,Harris,10/01/1988,***-**-5459,IA
Christopher,Smith,11/23/1976,***-**-2521,WI
Daniel,Singh,12/25/1980,***-**-7521,VA
Miranda,Nguyen,08/12/1981,***-**-2585,ME
Gregory,Simpson,07/09/1990,***-**-9365,CO
Daniel,Brown,04/19/1984,***-**-6526,NM
Susan,Thompson,05/17/1985,***-**-6074,TN
Rick,Johns,07/30/1984,***-**-7121,NV
Sean,Calhoun,07/31/1978,***-**-2261,SD
Alan,Holden,11/06/1994,***-**-6916,PA
Robin,Silva,07/14/1987,***-**-0453,AK
Nicole,Conrad,06/02/1985,***-**-6985,SD
Deanna,Russell,07/29/1972,***-**-9236,MD
Joshua,Bailey,07/20/1986,***-**-4031,WV
Daniel,Patrick,10/15/1972,***-**-8777,GA
William,Smith,06/04/1990,***-**-0654,AR
Kristin,Grant,08/23/1980,***-**-9693,WV
Kimberly,Velasquez,01/10/1989,***-**-4229,GA
Michael,Dalton,03/08/1994,***-**-2101,WI
Jason,Shaw,11/01/1985,***-**-4765,KY
Jonathon,Olson,07/08/1985,***-**-7767,SC
Andrea,Perry,02/01/1986,***-**-8897,CO
Anthony,Nguyen,10/09/1986,***-**-8472,WI
Anthony,Christensen,05/13/1983,***-**-8703,OH
Paul,Murphy,07/18/1975,***-**-9454,NJ
Susan,Stewart,04/23/1989,***-**-2712,GA
Scott,Warren,06/24/1985,***-**-3723,OH
Jennifer,Avery,08/08/1987,***-**-5062,LA
Alexander,Vaughan,08/22/1988,***-**-8562,MI
Laura,Parker,12/05/1973,***-**-6879,CO
Derek,Harrington,09/15/1990,***-**-2836,AR
Daniel,Wells,08/27/1994,***-**-7268,CA
Kelly,Phillips,11/05/1987,***-**-1324,MI
Lauren,Bennett,06/05/1985,***-**-4874,IA
Aaron,Wolf,04/09/1978,***-**-1149,WY
Julia,Wright,09/04/1980,***-**-6702,CO
Cheryl,Dennis,06/16/1986,***-**-0712,TX
Donna,Lopez,02/22/1985,***-**-5711,DE
Matthew,Gibbs,06/12/1984,***-**-9698,ID
Nancy,Mitchell,02/02/1988,***-**-9365,GA
Ashley,Bullock,07/23/1983,***-**-5394,MS
Andrew,Moore,01/03/1982,***-**-5178,ID
Joseph,Martinez,10/05/1973,***-**-9409,NH
Yvette,Rodriguez,09/11/1985,***-**-8123,OR
Carrie,Barber,11/09/1977,***-**-3083,LA
Ashley,Sherman,10/01/1984,***-**-1501,NE
Craig,Garcia,08/18/1994,***-**-3695,PA
Jerome,Brown,07/10/1992,***-**-9456,MD
Kevin,Beck,03/29/1981,***-**-7304,TN
Travis,Hansen,07/28/1981,***-**-6746,DE
Rodney,Cook,12/15/1994,***-**-6232,RI
Theresa,Brown,02/20/1993,***-**-3478,MN
Wayne,Mercer,09/21/1989,***-**-7254,MA
Mary,Lee,04/12/1982,***-**-7361,OH
Matthew,Martin,07/12/1993,***-**-7803,ID
Lee,Weber,12/03/1988,***-**-9830,CA
James,Wilson,07/23/1977,***-**-7343,OR
Angela,Clark,04/20/1988,***-**-3392,MN
Allen,Flynn,07/25/1994,***-**-7573,NH
Darrell,Coleman,08/24/1992,***-**-4198,WI
Patrick,Wells,08/03/1979,***-**-3209,MS
Tyler,Beck,10/20/1986,***-**-1385,HI
Michelle,Jenkins,11/29/1977,***-**-8254,NE
Scott,Miller,09/27/1991,***-**-3580,WY
Maria,Mcmillan,09/07/1973,***-**-3730,TX
Amy,Waller,10/01/1980,***-**-8763,MA
Jacob,Thomas,03/31/1976,***-**-8896,MS
Amanda,Jones,07/31/1993,***-**-0691,MN
Edward,Padilla,10/09/1993,***-**-5222,PA
Debra,Best,02/20/1973,***-**-3320,ND
Gregory,Roberts,01/27/1986,***-**-4496,IN
Suzanne,Wheeler,05/19/1985,***-**-2982,WI
Ann,Lewis,01/14/1976,***-**-0619,MT
Michelle,Peterson,06/25/1984,***-**-2154,MA
Adam,Thomas,12/30/1982,***-**-1297,VA
Donna,Owens,09/26/1987,***-**-6696,AL
Pamela,Lyons,09/27/1972,***-**-3318,AR
Victor,Lopez,10/26/1987,***-**-3964,NV
Matthew,Miller,04/07/1979,***-**-3517,CO
Kevin,Foster,10/18/1985,***-**-5090,WI
Alyssa,Stokes,04/01/1973,***-**-2432,OH
Mark,Saunders,08/23/1973,***-**-2640,VT
Michael,Chapman,03/13/1977,***-**-6874,OR
Cole,Farrell,01/29/1993,***-**-7973,IN
Michael,Estrada,10/12/1994,***-**-2448,OH
Shaun,Martinez,12/11/1982,***-**-5793,NC
Victoria,Moon,01/06/1976,***-**-8604,AZ
Brian,Peters,05/07/1982,***-**-3701,HI
Jose,Gonzalez,06/01/1992,***-**-9797,MD
John,Paul,11/20/1973,***-**-7180,KY
Stephanie,Smith,04/26/1978,***-**-1286,NH
Lisa,Wilson,11/09/1993,***-**-6950,AZ
Cody,Duran,01/15/1973,***-**-6706,NM
Ann,Johnson,06/01/1981,***-**-9046,NE
Paula,Hernandez,10/12/1975,***-**-2951,CA
Patrick,Barber,07/21/1991,***-**-9891,NY
Dennis,Alvarado,11/27/1973,***-**-4378,MT
David,Peterson,06/27/1973,***-**-7312,LA
Tina,Williams,11/04/1987,***-**-7775,OR
Bridget,Koch,02/23/1973,***-**-9714,WY
Adrian,Hernandez,09/08/1993,***-**-5101,NE
Andrea,Potter,12/26/1983,***-**-6384,NH
David,Williams,07/07/1990,***-**-6350,MA
Katherine,Wright,05/10/1987,***-**-3109,AR
Kevin,Taylor,04/19/1979,***-**-2293,NH
Latoya,Mitchell,03/15/1991,***-**-3607,ME
Tricia,Smith,01/24/1992,***-**-7866,CA
David,Miles,11/26/1993,***-**-2657,MI
Gina,Hoffman,03/20/1990,***-**-4213,UT
Tamara,Whitney,09/21/1975,***-**-9208,MO
John,Garcia,04/14/1987,***-**-3993,TX
Craig,Nunez,06/13/1972,***-**-6566,DE
Desiree,Ross,07/07/1981,***-**-2608,MS
Samantha,Ramirez,08/11/1981,***-**-7086,MD
David,Patton,11/19/1978,***-**-9705,PA
Caroline,Lopez,08/09/1981,***-**-1325,OK
Karen,Malone,09/03/1985,***-**-5442,CO
Daniel,Wright,12/31/1989,***-**-3803,FL
Brent,Miller,01/14/1978,***-**-9692,HI
Mitchell,Meyer,08/31/1991,***-**-7666,RI
Annette,Flores,04/19/1977,***-**-3196,NE
Wendy,Hendrix,08/19/1983,***-**-6634,WY
Alexis,Cross,08/11/1983,***-**-3694,MN
Jeffrey,Jones,06/27/1981,***-**-1822,SD
Jessica,Walsh,06/01/1976,***-**-2907,RI
Sherry,Henderson,02/15/1991,***-**-3768,FL
Jennifer,Johnson,02/17/1978,***-**-3102,OK
Scott,Ellison,03/31/1977,***-**-8653,NH
Denise,Baldwin,04/06/1992,***-**-7350,AL
Rebecca,James,12/04/1980,***-**-1514,MA
Sean,Gonzales,08/11/1981,***-**-8838,MO
Mary,Chavez,04/27/1990,***-**-2834,PA
Ralph,Martinez,02/26/1980,***-**-4024,WA
Thomas,Stone,03/29/1973,***-**-8227,DE
Christopher,Anderson,07/01/1974,***-**-1835,NC
Allison,Garcia,02/08/1983,***-**-0105,LA
Charles,Hall,09/15/1982,***-**-7617,PA
Lawrence,Roach,04/03/1991,***-**-2080,KY
Christopher,Dougherty,03/29/1978,***-**-0986,AL
William,Small,08/05/1990,***-**-0642,CO
Samuel,May,03/30/1988,***-**-0970,NJ
Brian,Lopez,02/13/1990,***-**-7558,DE
Amanda,Clark,07/23/1991,***-**-5043,MN
Cody,Taylor,11/13/1978,***-**-3700,SD
Sherry,Love,03/24/1975,***-**-8685,OR
Christine,Stone,11/07/1978,***-**-6503,KS
Kristy,Diaz,03/26/1988,***-**-1032,IA
Amy,Long,07/19/1982,***-**-7292,FL
Haley,Myers,03/20/1985,***-**-0757,MD
Michael,Holden,07/23/1975,***-**-7951,IN
Kelly,Ferrell,01/21/1982,***-**-2299,NH
Rachel,Valdez,05/21/1985,***-**-0852,UT
Kristine,Roberson,03/18/1981,***-**-0956,MN
Vincent,Watson,12/15/1974,***-**-8997,RI
Elizabeth,Bailey,07/15/1979,***-**-7230,MI
Mark,Mcmillan,07/08/1976,***-**-2503,MI
Sheri,Long,06/06/1978,***-**-5166,OH
Daniel,Mccall,07/12/1987,***-**-5314,NE
Dawn,Malone,04/19/1979,***-**-2070,TN
Evan,Romero,08/25/1994,***-**-3334,NM
Paul,Adams,04/19/1992,***-**-5765,WV
Tracy,Holt,10/20/1988,***-**-1413,AK
Charles,Wheeler,02/11/1972,***-**-5781,CA
Ashley,Harris,08/09/1993,***-**-7070,IL
Roberto,Schmidt,02/07/1994,***-**-1763,AL
Margaret,Barton,10/10/1975,***-**-0973,ID
Michelle,Diaz,09/25/1993,***-**-4889,ID
Mike,Duncan,12/15/1988,***-**-8115,MD
Alexandra,Thomas,01/12/1994,***-**-6760,SD
Mark,Murillo,09/22/1976,***-**-9915,MI
Carol,Dyer,03/12/1989,***-**-5545,HI
Daniel,Williams,11/17/1989,***-**-9146,NH
Sandra,Suarez,09/20/1980,***-**-9548,GA
Sarah,Hamilton,07/20/1976,***-**-3104,ND
Sydney,Floyd,03/31/1981,***-**-0722,CT
Jonathan,Hall,07/01/1978,***-**-6672,NE
Jennifer,Kim,10/03/1976,***-**-9504,MN
Kenneth,Sanchez,10/30/1980,***-**-8921,CA
Joseph,Carroll,05/09/1975,***-**-5984,ND
Jennifer,Arnold,10/18/1976,***-**-4368,AL
David,Le,08/31/1976,***-**-5444,MI
Jeffrey,Clark,06/28/1978,***-**-0316,MO
Jeffery,Reed,07/19/1985,***-**-6338,NJ
Laura,Kim,07/26/1974,***-**-3606,PA
Derek,Obrien,06/29/1990,***-**-6123,NH
Brooke,Bishop,12/18/1980,***-**-4107,CA
Peter,Miles,10/26/1976,***-**-3367,WA
Alex,Owen,10/07/1987,***-**-9252,AL
Michael,Fowler,08/28/1990,***-**-3995,TN
Katherine,Rose,01/19/1976,***-**-0446,MN
Daniel,Waller,04/23/1974,***-**-0011,KY
Ronald,Johnson,09/19/1973,***-**-8871,DE
Austin,Gutierrez,06/25/1979,***-**-0203,VT
Brandon,Chang,05/14/1984,***-**-6687,AL
Alexander,Murphy,05/05/1984,***-**-0664,UT
Stephanie,Mendoza,03/22/1977,***-**-8308,VT
Gregory,Moore,02/10/1982,***-**-6226,MA
Jonathan,Mendoza,12/30/1989,***-**-0262,MD
Michelle,Phillips,09/17/1988,***-**-2345,OK
Justin,Morgan,03/17/1976,***-**-5133,MI
Michael,Hubbard,09/09/1978,***-**-8972,CT
Travis,Little,05/14/1992,***-**-6995,WY
Susan,Kennedy,12/19/1988,***-**-4558,ME
Emily,Mcgrath,11/10/1973,***-**-7640,CO
Sandra,Griffin,11/13/1988,***-**-6533,NV
Jessica,Sullivan,01/07/1990,***-**-2665,WY
Timothy,Mendoza,06/09/1980,***-**-2367,NM
Amanda,Pearson,08/15/1979,***-**-9832,TN
Jeffery,Burnett,07/28/1984,***-**-4493,KS
Brian,Williams,01/12/1986,***-**-5701,MT
Randy,Dorsey,05/09/1974,***-**-0360,MO
Duane,Williams,10/14/1973,***-**-8818,NV
Colleen,Beasley,08/12/1977,***-**-3286,MA
Brian,Jackson,12/21/1985,***-**-9597,PA
Cynthia,Price,10/15/1991,***-**-6184,SD
Donald,Carter,07/16/1983,***-**-5922,HI
Lisa,Schmitt,04/23/1976,***-**-5980,TN
Dustin,Nichols,06/07/1977,***-**-9015,NE
Jay,Brown,04/24/1980,***-**-8736,TX
Beth,Lynch,02/13/1984,***-**-0814,AK
Mary,Mitchell,01/20/1982,***-**-3602,TX
Joshua,Rush,08/05/1986,***-**-2710,GA
Jillian,David,04/11/1973,***-**-4462,HI
Anthony,Delgado,09/19/1994,***-**-7837,FL
Meghan,Wilson,05/18/1988,***-**-4722,HI
Andrea,Montgomery,12/03/1991,***-**-6315,OH
Megan,Gray,10/12/1972,***-**-4006,NY
Sarah,Brooks,06/27/1991,***-**-6948,AR
Kaylee,Clark,05/29/1992,***-**-0753,WI
Joseph,Martin,04/13/1992,***-**-5396,AR
Donna,Rose,04/20/1989,***-**-1960,TN
Brandi,Sawyer,07/13/1979,***-**-9334,RI
James,Torres,01/19/1986,***-**-5026,DE
Jonathan,Malone,04/14/1984,***-**-9942,MN
Christine,Williams,08/15/1974,***-**-1974,MN
Christopher,Young,12/02/1988,***-**-1343,NE
David,Turner,02/13/1973,***-**-7108,IL
Gregory,Estes,10/04/1989,***-**-9235,KS
Shannon,Vaughn,12/27/1992,***-**-2444,AR
James,Mclaughlin,01/21/1981,***-**-1088,NC
Michael,Brown,01/13/1986,***-**-9682,OH
Jennifer,Crawford,07/21/1986,***-**-5861,FL
Michelle,Carr,06/22/1978,***-**-2759,CT
Andrew,Love,05/27/1991,***-**-9696,OH
Anna,Bennett,06/20/1977,***-**-6909,TN
William,Watts,10/12/1989,***-**-6883,MN
Cynthia,Williams,12/23/1978,***-**-5994,NY
Bruce,Miles,01/21/1982,***-**-0969,IA
Amanda,Wilson,05/23/1972,***-**-0767,NE
Joshua,Riley,11/08/1983,***-**-4874,IN
Carla,Torres,02/23/1987,***-**-7599,CT
Mark,Green,06/14/1977,***-**-6893,AZ
Stephanie,Goodwin,02/25/1986,***-**-5702,NC
Cameron,Allen,01/02/1986,***-**-8341,ID
Harold,Li,05/11/1983,***-**-2966,GA
Sara,Curry,06/05/1984,***-**-1678,ID
Caroline,Wyatt,11/12/1979,***-**-7063,NY
Nicole,Perez,09/28/1982,***-**-1455,MT
Jacqueline,Garcia,01/31/1991,***-**-8953,NC
Alexander,Wright,04/18/1979,***-**-7263,MN
Heather,Farrell,01/11/1978,***-**-0338,MA
Joseph,Fernandez,06/01/1978,***-**-4971,IL
Timothy,Chandler,03/26/1978,***-**-3897,NM
Gregory,Jackson,06/06/1973,***-**-0058,WY
Thomas,Patterson,05/06/1977,***-**-4561,VA
Timothy,Suarez,01/12/1977,***-**-3073,WI
Jennifer,Jensen,03/09/1991,***-**-4293,GA
Andrew,Hogan,06/08/1990,***-**-5943,ND
Dale,Hartman,10/01/1993,***-**-9502,ME
Jennifer,Williams,02/27/1977,***-**-9054,OK
Antonio,Perez,02/09/1980,***-**-4115,NC
Joshua,Hicks,01/07/1985,***-**-4786,KS
Edward,Thompson,08/31/1994,***-**-8605,OH
Lee,Zamora,03/17/1979,***-**-3321,UT
Wyatt,Rivers,02/07/1984,***-**-5135,KY
Michelle,Reeves,11/23/1972,***-**-1066,PA
Joanna,Hopkins,04/17/1973,***-**-2714,MA
Joseph,Mitchell,05/18/1980,***-**-7441,VA
Ariel,Ray,09/11/1972,***-**-2732,OR
Shawn,Murray,10/30/1990,***-**-5217,MS
Jose,Spears,03/01/1976,***-**-2675,NH
Caroline,Mayer,05/03/1973,***-**-2487,WY
David,Weaver,08/11/1976,***-**-2750,ME
Kelly,Sullivan,04/12/1988,***-**-7284,NV
Kyle,Ramirez,05/30/1984,***-**-2839,WA
Carrie,Davis,06/20/1984,***-**-6558,WA
Catherine,Martinez,04/28/1990,***-**-6917,NM
Amanda,Lewis,12/05/1988,***-**-0504,MT
Katherine,Bailey,03/04/1994,***-**-3545,WV
Rodney,Smith,05/08/1975,***-**-3105,NH
Savannah,Saunders,05/12/1984,***-**-2473,IA
Claudia,Oneal,04/01/1987,***-**-9008,TX
Roy,Johnson,03/30/1984,***-**-6344,AK
Michelle,Smith,07/08/1982,***-**-6834,NV
Amanda,Haney,04/11/1983,***-**-9019,IA
Theresa,Fletcher,10/22/1992,***-**-0535,VA
Debra,Green,07/20/1988,***-**-5376,SC
John,Cox,12/11/1985,***-**-7739,OH
Beth,Harris,12/22/1982,***-**-5871,RI
Erica,Mcconnell,07/01/1981,***-**-0878,MA
Kimberly,Johnson,01/22/1992,***-**-4304,PA
Kyle,Aguirre,10/24/1973,***-**-4469,NE
Nicole,English,04/30/1977,***-**-9164,HI
Bonnie,Turner,04/01/1973,***-**-0208,MD
Maurice,Gillespie,09/07/1984,***-**-8509,GA
Corey,Adams,10/08/1988,***-**-2578,OR
Brett,Nelson,06/20/1986,***-**-3049,MD
Melody,Nelson,01/23/1979,***-**-1931,VA
James,Young,04/12/1980,***-**-8557,ME
Robert,Smith,04/14/1994,***-**-0748,MS
Caroline,Larson,05/05/1990,***-**-7178,LA
Megan,Robinson,03/24/1973,***-**-1601,WV
Shawn,Edwards,01/19/1978,***-**-4865,LA
David,Evans,09/15/1977,***-**-6773,WA
Julie,Price,01/20/1993,***-**-3599,PA
Briana,Webster,02/08/1978,***-**-3704,PA
Robin,Oconnor,02/27/1978,***-**-0782,NH
Albert,Davidson,01/20/1975,***-**-9182,CA
Mark,Chen,04/02/1989,***-**-3553,WY
Elizabeth,Lynn,02/25/1992,***-**-8647,MA
Tracy,Gonzalez,11/01/1983,***-**-4059,WY
Patricia,Fletcher,06/30/1979,***-**-2311,RI
Tammy,Salinas,12/29/1980,***-**-3850,NC
Roger,Wright,03/04/1974,***-**-3080,MO
Kelly,Castillo,04/13/1992,***-**-7622,WA
Charles,Kelley,04/14/1993,***-**-1133,OK
David,Johnson,06/23/1985,***-**-9729,DE
David,Cervantes,01/08/1983,***-**-0082,WA
Valerie,Lopez,04/10/1983,***-**-0441,AL
Sarah,Hayes,11/20/1984,***-**-8195,CT
Christina,Arnold,10/20/1979,***-**-2313,NY
Cynthia,Bennett,11/26/1973,***-**-7899,MD
Michelle,Huang,04/09/1983,***-**-8363,UT
Amanda,Dodson,03/04/1973,***-**-6056,KS
Jeff,Hawkins,08/10/1992,***-**-5606,IL
Patrick,Taylor,07/29/1991,***-**-5595,MO
Elizabeth,Howard,11/05/1984,***-**-2641,AZ
Noah,White,04/30/1977,***-**-0897,SC
Caroline,Jackson,12/29/1983,***-**-4102,DE
Andrea,Wright,06/15/1978,***-**-8386,OH
Sara,Smith,01/02/1983,***-**-9188,TN
Jennifer,Rodriguez,04/23/1974,***-**-2538,NM
Deanna,Terrell,02/05/1990,***-**-5743,OK
Kristina,Summers,02/17/1989,***-**-3058,OR
Laura,Mercado,04/05/1974,***-**-9514,MI
Matthew,Kane,11/17/1990,***-**-9385,PA
Tamara,White,05/20/1980,***-**-6614,FL
Samantha,Thompson,06/04/1976,***-**-9230,NY
John,Mcmillan,03/02/1983,***-**-7301,NV
Andrea,Webb,12/11/1985,***-**-7815,VA
Lori,Odonnell,10/22/1989,***-**-2415,KS
Ronald,Huerta,12/13/1973,***-**-6058,OK
Chelsea,Foster,03/26/1974,***-**-4094,AK
Daniel,Lopez,09/07/1989,***-**-2639,AR
Jonathan,Jones,01/13/1977,***-**-7798,MN
Jessica,Gaines,04/23/1981,***-**-9332,CO
Timothy,Morris,06/16/1981,***-**-2962,WY
Donna,Campbell,07/14/1993,***-**-2369,NV
Tonya,Martinez,09/04/1972,***-**-7702,IA
Pamela,Moore,02/20/1980,***-**-9532,NJ
Michelle,Ali,05/05/1993,***-**-3823,KS
Alexander,Gibson,10/27/1983,***-**-1036,CO
Jay,Smith,03/06/1985,***-**-6315,CT
Teresa,Watkins,07/27/1972,***-**-5707,NY
Bradley,Guzman,05/08/1980,***-**-2817,WY
Rhonda,Young,06/03/1979,***-**-2336,NE
Brandon,Davis,07/22/1977,***-**-1621,AZ
Brandon,Farmer,08/10/1980,***-**-2601,TX
Barbara,Murphy,10/30/1989,***-**-9225,AR
James,King,04/21/1978,***-**-1432,AK
Drew,Kelly,03/25/1993,***-**-3264,WA
Virginia,Wise,02/18/1982,***-**-8887,OR
Mary,Hernandez,01/29/1990,***-**-5268,NY
Ryan,Russell,01/06/1975,***-**-3828,HI
Amanda,Smith,08/05/1989,***-**-3579,DE
Morgan,Dunn,07/13/1980,***-**-1601,AZ
Kimberly,Shaw,06/11/1973,***-**-7577,MA
Kathleen,Klein,01/15/1990,***-**-3388,NM
Diana,Meyers,09/13/1972,***-**-4296,TN
Logan,Smith,03/26/1990,***-**-0194,MN
Tracy,Martin,05/03/1975,***-**-0726,AK
Edwin,Martin,02/13/1988,***-**-9168,MO
Kelly,Moran,07/14/1976,***-**-0670,NV
Robert,Smith,01/12/1987,***-**-2300,ID
Jane,Martinez,01/30/1991,***-**-3977,AZ
Denise,Castillo,10/10/1983,***-**-0042,LA
Jonathon,Brock,04/30/1980,***-**-9917,CO
Amanda,Franco,09/24/1994,***-**-5413,AK
Heather,Robinson,11/20/1985,***-**-1929,MN
Kathryn,Stout,08/24/1987,***-**-9637,IA
Cory,Hopkins,03/13/1977,***-**-9491,AK
Ryan,Snyder,07/14/1982,***-**-9330,MA
Sara,Walker,08/16/1985,***-**-5423,NE
Daniel,Garcia,04/21/1979,***-**-3001,WI
Paul,Evans,06/25/1977,***-**-4302,MN
Elizabeth,Olson,01/22/1976,***-**-7163,MA
Ann,Romero,10/27/1989,***-**-4046,DE
Thomas,Jensen,02/23/1991,***-**-3430,OH
Brian,Davila,07/05/1982,***-**-3711,DE
Donna,Howard,03/31/1990,***-**-7432,MS
Kimberly,Massey,01/01/1981,***-**-4649,MO
Jeremy,Cross,11/22/1987,***-**-4632,HI
Dennis,Thomas,06/11/1989,***-**-5032,IN
Kenneth,Martin,08/24/1989,***-**-4681,MI
Tyler,Brewer,06/28/1972,***-**-9006,HI
Scott,Brooks,02/24/1972,***-**-4958,NY
Derrick,Fritz,12/05/1982,***-**-0071,IA
Christine,Munoz,11/17/1974,***-**-0149,MO
Julie,Robbins,11/23/1976,***-**-4571,IN
Rachel,Cook,03/03/1982,***-**-9042,NM
Kyle,Hoffman,12/25/1984,***-**-7692,MT
Nancy,Nguyen,07/05/1976,***-**-3939,VA
John,Wells,05/25/1993,***-**-3026,NH
Robert,Ellison,07/16/1979,***-**-9579,NE
Keith,Robinson,04/15/1978,***-**-3579,NC
Dennis,Osborn,11/15/1973,***-**-3531,MA
Ronald,Hays,12/21/1993,***-**-6430,TX
Leslie,Brown,06/15/1973,***-**-1806,NJ
Maria,Chapman,12/20/1973,***-**-7300,OK
Melissa,Torres,03/22/1981,***-**-6921,NM
Joshua,Weaver,11/20/1982,***-**-7030,IA
Crystal,Martin,08/29/1993,***-**-0679,ME
Sheri,Ball,08/04/1991,***-**-7548,AZ
Steven,Ritter,02/11/1986,***-**-8004,OH
Linda,Krause,12/22/1978,***-**-4382,SD
John,Myers,07/25/1989,***-**-1869,NJ
Mark,White,09/09/1992,***-**-7830,ID
Diana,Smith,12/02/1973,***-**-3506,IL
Karen,Lyons,06/09/1990,***-**-9081,OK
Laura,Glenn,10/20/1992,***-**-1468,TX
Diana,Spence,09/20/1983,***-**-4751,MA
Samantha,Farley,07/10/1977,***-**-2351,WA
Kayla,Mitchell,10/13/1975,***-**-9155,WI
Crystal,Myers,12/31/1980,***-**-6532,OH
Brooke,Jones,04/09/1979,***-**-2606,TN
John,Mueller,03/22/1987,***-**-7849,MD
Karla,Rosales,07/10/1983,***-**-1729,IL
Jennifer,Brown,08/23/1977,***-**-0700,MA
Blake,Jimenez,09/10/1977,***-**-3810,KS
Michael,Garcia,11/05/1980,***-**-4294,IL
Jermaine,Quinn,12/24/1989,***-**-1754,CA
Patricia,Cruz,04/22/1976,***-**-3822,IN
Cameron,Mcintosh,02/01/1975,***-**-8921,NV
Michelle,Brewer,06/10/1988,***-**-6836,OK
Hannah,Nolan,09/15/1978,***-**-1332,OK
Erica,Johnson,05/27/1978,***-**-9413,LA
Jeremy,Obrien,01/13/1982,***-**-7592,OR
